ID,Sex,Age,Annual_purchase,City_size
100000001,0,67,6234,2
100000002,1,22,7539,2
100000003,0,49,4461,0
100000004,0,45,8579,1
100000005,0,53,7452,1
100000006,0,35,7243,0
100000007,0,53,7825,1
100000008,0,35,9681,1
100000009,0,61,7580,0
100000010,0,28,8733,0
100000011,1,25,5424,0
100000012,1,24,6380,0
100000013,1,22,5435,2
100000014,0,60,4469,0
100000015,1,28,5145,1
100000016,1,32,4422,0
100000017,0,53,6278,0
100000018,0,25,7872,2
100000019,1,44,13098,2
100000020,0,31,7233,1
100000021,0,48,5939,1
100000022,0,44,7376,1
100000023,0,48,4490,0
100000024,0,44,6746,2
100000025,0,26,5184,2
100000026,0,36,3596,0
100000027,0,39,3413,0
100000028,1,42,8152,1
100000029,0,34,5966,1
100000030,0,63,8794,0
100000031,0,36,7983,1
100000032,0,27,6007,1
100000033,0,30,8138,2
100000034,0,57,4381,0
100000035,1,33,7779,1
100000036,0,25,5226,0
100000037,0,31,7170,2
100000038,0,37,6384,1
100000039,0,37,5964,1
100000040,0,24,4627,1
100000041,0,30,8167,1
100000042,0,26,6546,0
100000043,0,44,6683,0
100000044,0,24,7755,1
100000045,1,58,7117,1
100000046,1,35,6920,1
100000047,0,39,7009,0
100000048,1,23,3271,0
100000049,0,39,6525,0
100000050,1,28,6142,0
100000051,0,29,4227,0
100000052,0,30,9010,2
100000053,0,25,4603,2
100000054,0,31,5858,0
100000055,0,57,6792,1
100000056,0,26,2913,0
100000057,0,52,10129,2
100000058,1,31,9183,1
100000059,1,23,7614,1
100000060,1,23,5762,0
100000061,0,27,5348,2
100000062,0,50,6182,1
100000063,0,61,8321,1
100000064,0,25,11370,2
100000065,1,26,5919,1
100000066,0,48,7406,1
100000067,1,29,5554,0
100000068,0,22,6989,0
100000069,0,37,5349,2
100000070,1,25,5501,2
100000071,1,30,8455,1
100000072,0,46,3685,0
100000073,0,51,7093,2
100000074,1,41,6798,0
100000075,0,40,7045,2
100000076,0,66,7865,2
100000077,0,34,6260,1
100000078,0,51,7775,2
100000079,0,39,7585,0
100000080,0,22,6320,1
100000081,1,44,7963,2
100000082,0,47,6807,1
100000083,1,24,4240,0
100000084,1,58,5011,0
100000085,0,52,4686,0
100000086,1,29,6689,1
100000087,1,27,5503,2
100000088,0,47,12054,1
100000089,0,30,7451,2
100000090,0,28,4649,2
100000091,0,56,5531,1
100000092,0,54,5830,1
100000093,1,33,3554,0
100000094,0,20,6434,1
100000095,0,54,8262,2
100000096,0,58,13417,1
100000097,1,61,6754,1
100000098,0,34,6740,2
100000099,0,36,6008,1
100000100,0,36,9774,2
100000101,0,41,4669,0
100000102,0,24,5523,0
100000103,1,24,4760,1
100000104,0,35,5767,1
100000105,0,26,5364,1
100000106,0,39,12236,2
100000107,0,39,9156,2
100000108,0,32,7644,2
100000109,1,30,8258,0
100000110,0,35,7026,0
100000111,0,31,6210,1
100000112,1,23,5361,1
100000113,0,28,6072,2
100000114,1,25,8123,0
100000115,0,35,6706,1
100000116,0,47,6592,1
100000117,1,30,9495,0
100000118,1,27,5455,2
100000119,1,23,7677,1
100000120,0,36,9025,1
100000121,1,25,5233,2
100000122,1,41,8347,2
100000123,0,24,3306,0
100000124,0,63,6788,0
100000125,1,27,5805,2
100000126,0,30,5215,1
100000127,0,40,3585,0
100000128,0,30,4954,2
100000129,0,34,7199,2
100000130,1,29,6191,0
100000131,1,24,8836,2
100000132,0,29,7463,2
100000133,0,27,3877,0
100000134,0,47,5827,1
100000135,1,21,9737,0
100000136,1,38,5466,2
100000137,0,27,10236,2
100000138,0,66,6300,0
100000139,0,35,6156,1
100000140,1,44,5413,0
100000141,0,27,4496,0
100000142,1,30,8803,1
100000143,0,27,7217,2
100000144,0,22,5060,1
100000145,1,23,5371,2
100000146,0,30,7034,1
100000147,1,39,5323,0
100000148,1,51,6392,0
100000149,0,28,6695,1
100000150,0,46,7619,2
100000151,0,42,5997,0
100000152,0,38,5439,2
100000153,0,24,7665,1
100000154,1,29,10710,2
100000155,0,36,10405,2
100000156,1,20,4768,1
100000157,0,48,6208,1
100000158,0,45,3611,0
100000159,0,38,7327,2
100000160,0,34,3767,0
100000161,0,36,6490,1
100000162,1,30,5058,1
100000163,0,36,6392,2
100000164,0,70,11250,2
100000165,0,36,6223,2
100000166,0,32,7056,1
100000167,1,33,5214,2
100000168,1,20,7385,2
100000169,1,25,6259,1
100000170,0,31,5769,2
100000171,0,33,4773,0
100000172,1,26,4758,1
100000173,1,34,7652,2
100000174,0,33,5445,0
100000175,0,26,5676,1
100000176,1,53,10562,0
100000177,0,42,6066,0
100000178,0,52,6587,2
100000179,0,31,6679,1
100000180,0,65,5867,0
100000181,0,28,8865,2
100000182,0,30,8438,1
100000183,0,40,3886,0
100000184,0,50,8833,2
100000185,0,36,5311,1
100000186,0,31,4890,1
100000187,1,74,10718,1
100000188,0,68,3727,0
100000189,0,20,4950,0
100000190,1,33,6678,1
100000191,0,54,10883,2
100000192,0,34,5827,0
100000193,0,36,6765,2
100000194,0,29,5322,1
100000195,0,21,6418,2
100000196,1,34,7382,2
100000197,1,28,5135,0
100000198,1,27,6013,0
100000199,0,36,6211,2
100000200,0,40,8761,1
100000201,0,52,6874,0
100000202,0,27,3291,0
100000203,0,26,6493,1
100000204,0,21,4424,1
100000205,0,38,3734,0
100000206,0,38,11115,2
100000207,0,43,5644,0
100000208,0,26,5171,2
100000209,0,21,5644,0
100000210,0,55,7897,2
100000211,0,33,5792,2
100000212,1,45,5491,0
100000213,0,50,7535,1
100000214,0,66,8949,0
100000215,0,51,6639,0
100000216,1,39,4308,0
100000217,0,31,5727,2
100000218,0,23,6696,1
100000219,0,24,4061,0
100000220,1,64,6562,0
100000221,0,26,3440,0
100000222,1,23,4848,1
100000223,0,30,4536,2
100000224,0,32,5706,1
100000225,0,30,6432,1
100000226,0,27,5331,1
100000227,0,27,11813,1
100000228,0,53,10389,1
100000229,0,22,4587,1
100000230,0,22,5389,2
100000231,0,26,6958,2
100000232,0,51,6088,0
100000233,0,35,6099,0
100000234,0,25,3516,0
100000235,0,42,3917,0
100000236,0,30,6572,0
100000237,0,23,8354,2
100000238,0,61,6540,0
100000239,1,35,5371,1
100000240,0,39,5766,1
100000241,1,29,4951,0
100000242,0,51,5800,1
100000243,0,24,6168,1
100000244,1,27,5001,0
100000245,1,35,6256,0
100000246,0,25,4601,2
100000247,0,52,5419,2
100000248,0,35,5649,0
100000249,0,26,5861,1
100000250,1,22,4440,2
100000251,1,39,5755,0
100000252,1,46,5670,0
100000253,1,24,5794,1
100000254,0,35,7064,2
100000255,0,24,5382,1
100000256,0,27,6588,0
100000257,0,35,4185,0
100000258,0,29,5342,2
100000259,1,23,6777,1
100000260,1,57,5357,0
100000261,0,27,4873,1
100000262,1,55,6318,2
100000263,0,36,8481,1
100000264,1,57,5448,0
100000265,0,32,3368,0
100000266,0,37,5311,0
100000267,0,36,7462,0
100000268,1,38,5606,0
100000269,0,45,10758,2
100000270,0,25,4477,1
100000271,0,32,5554,2
100000272,1,37,6854,1
100000273,0,36,12227,2
100000274,0,28,6036,1
100000275,0,34,8769,0
100000276,0,32,5571,1
100000277,1,26,5546,0
100000278,0,49,4214,0
100000279,1,32,6845,2
100000280,0,29,7244,2
100000281,0,23,7559,1
100000282,0,50,5750,1
100000283,0,49,5048,0
100000284,0,63,6243,2
100000285,0,37,7616,2
100000286,1,35,8398,1
100000287,0,26,6336,2
100000288,0,31,10501,2
100000289,1,49,6284,1
100000290,0,48,5559,1
100000291,0,26,4707,0
100000292,0,28,10731,1
100000293,1,44,9691,1
100000294,0,56,8436,1
100000295,0,46,10150,1
100000296,1,26,9623,2
100000297,1,20,6397,2
100000298,0,45,3913,0
100000299,0,43,5923,1
100000300,0,32,8069,2
100000301,1,54,2831,0
100000302,1,42,7306,1
100000303,0,37,4521,0
100000304,0,49,5453,0
100000305,0,44,10966,0
100000306,0,33,7235,1
100000307,1,24,5122,0
100000308,0,33,3994,0
100000309,1,24,5356,2
100000310,0,22,3113,0
100000311,0,40,4629,0
100000312,0,25,7318,0
100000313,1,26,7092,1
100000314,0,25,3429,0
100000315,0,29,4274,0
100000316,0,31,5555,2
100000317,0,38,3356,0
100000318,1,48,6308,0
100000319,0,32,4613,2
100000320,1,27,4681,0
100000321,0,28,8260,0
100000322,0,32,5360,0
100000323,0,34,7253,0
100000324,0,28,7418,0
100000325,1,36,5284,2
100000326,0,39,4687,0
100000327,0,49,7739,2
100000328,1,34,7468,2
100000329,0,31,7284,1
100000330,0,28,5080,2
100000331,0,75,10667,1
100000332,1,30,6121,0
100000333,1,24,10493,1
100000334,1,24,9050,0
100000335,0,23,5890,1
100000336,0,44,8033,1
100000337,1,23,4231,0
100000338,1,24,4924,2
100000339,0,28,6118,2
100000340,0,31,4070,0
100000341,1,24,7519,1
100000342,1,26,4620,0
100000343,0,25,7493,2
100000344,0,33,8397,1
100000345,0,37,5772,0
100000346,1,43,4270,0
100000347,0,23,4791,2
100000348,1,23,4876,0
100000349,0,34,4368,0
100000350,0,32,7297,1
100000351,1,23,4866,0
100000352,1,29,5422,2
100000353,0,38,7566,1
100000354,0,28,7093,1
100000355,0,46,6534,2
100000356,0,23,3466,0
100000357,0,49,6074,2
100000358,0,26,7680,2
100000359,0,28,4643,0
100000360,1,23,5427,2
100000361,0,61,6478,2
100000362,0,37,8508,0
100000363,1,36,6769,1
100000364,0,21,4839,2
100000365,0,25,2184,0
100000366,0,36,5176,0
100000367,0,27,5925,1
100000368,1,22,5984,2
100000369,0,42,6330,1
100000370,1,40,6841,2
100000371,0,36,5914,1
100000372,0,33,7230,1
100000373,1,23,5302,0
100000374,0,63,13616,2
100000375,1,60,15468,2
100000376,1,37,8520,1
100000377,0,34,5623,0
100000378,0,36,4842,1
100000379,0,57,14096,1
100000380,1,52,4778,0
100000381,0,39,5618,2
100000382,1,38,13049,2
100000383,1,25,4968,0
100000384,0,26,5576,2
100000385,0,26,5263,0
100000386,1,25,5426,0
100000387,1,21,4733,1
100000388,0,40,10085,1
100000389,0,27,6994,2
100000390,1,27,5127,1
100000391,0,30,6724,2
100000392,1,19,5560,0
100000393,0,39,7615,1
100000394,1,31,5531,2
100000395,0,31,6892,2
100000396,0,32,11046,2
100000397,1,55,8286,2
100000398,0,46,6115,0
100000399,0,46,6025,0
100000400,1,43,6323,0
100000401,0,39,5416,2
100000402,0,28,5626,1
100000403,0,27,8228,1
100000404,0,27,2962,0
100000405,0,43,6557,0
100000406,0,22,5460,0
100000407,0,43,5770,1
100000408,0,27,4736,2
100000409,0,26,8593,0
100000410,0,28,6971,2
100000411,1,20,5547,1
100000412,0,35,9378,2
100000413,0,42,7276,0
100000414,0,40,5212,0
100000415,1,35,5414,1
100000416,0,35,7200,2
100000417,0,33,4054,0
100000418,1,23,8338,1
100000419,1,31,8777,1
100000420,1,33,5621,1
100000421,1,20,7707,2
100000422,0,30,5620,1
100000423,0,47,4285,0
100000424,0,34,7295,2
100000425,1,25,6128,2
100000426,0,21,5775,2
100000427,0,29,5474,0
100000428,0,46,7412,2
100000429,0,20,4428,1
100000430,1,55,3120,0
100000431,0,74,6107,0
100000432,0,29,11544,2
100000433,0,36,6835,2
100000434,0,33,5458,0
100000435,0,25,5023,2
100000436,0,25,5313,0
100000437,0,23,4238,0
100000438,1,37,7474,1
100000439,0,65,4222,0
100000440,1,26,2584,0
100000441,0,39,6960,1
100000442,1,30,5329,1
100000443,0,29,5869,2
100000444,0,41,3481,0
100000445,1,30,8948,2
100000446,1,41,4087,0
100000447,1,34,5595,1
100000448,0,35,6083,0
100000449,1,55,8632,2
100000450,0,61,8787,1
100000451,0,30,11003,2
100000452,1,29,4760,1
100000453,0,34,5681,1
100000454,0,35,7178,2
100000455,0,31,6549,2
100000456,1,29,7298,2
100000457,0,36,6311,1
100000458,0,35,6022,0
100000459,1,27,4597,2
100000460,0,32,6482,2
100000461,0,37,6214,2
100000462,0,36,5262,1
100000463,1,34,8109,0
100000464,0,38,5328,2
100000465,0,34,5292,2
100000466,0,63,6917,1
100000467,1,29,3808,0
100000468,0,32,7751,1
100000469,1,26,5719,1
100000470,0,35,5142,0
100000471,0,22,6640,0
100000472,1,23,4487,2
100000473,0,28,2931,0
100000474,0,36,6530,2
100000475,0,33,5517,0
100000476,1,26,5887,2
100000477,0,24,6541,0
100000478,0,25,7370,2
100000479,0,39,4679,0
100000480,0,44,5465,1
100000481,1,23,4937,0
100000482,0,26,5064,0
100000483,1,57,9392,1
100000484,1,30,7037,0
100000485,0,44,6664,2
100000486,0,47,7405,2
100000487,0,52,6551,2
100000488,1,62,7631,2
100000489,0,35,4252,0
100000490,0,26,5726,1
100000491,0,26,4966,1
100000492,1,42,10973,2
100000493,1,27,5701,0
100000494,0,38,5143,0
100000495,0,39,4074,0
100000496,0,20,5389,2
100000497,0,29,11118,2
100000498,0,40,5357,0
100000499,0,32,4004,0
100000500,0,28,6480,0
100000501,1,27,5931,1
100000502,0,42,7312,1
100000503,0,49,7223,2
100000504,0,38,6225,0
100000505,1,24,4892,0
100000506,0,27,3206,0
100000507,0,36,7819,2
100000508,0,34,10269,2
100000509,0,28,4948,2
100000510,0,45,11092,2
100000511,0,26,4402,2
100000512,0,32,8026,2
100000513,0,26,6227,2
100000514,0,20,4682,0
100000515,0,54,6237,0
100000516,1,37,5123,0
100000517,0,40,3749,0
100000518,1,23,7693,1
100000519,0,43,5968,2
100000520,0,36,4772,2
100000521,0,44,7399,2
100000522,1,24,5843,1
100000523,0,53,8531,1
100000524,1,23,6622,1
100000525,1,26,3876,0
100000526,0,30,8471,2
100000527,1,31,6002,0
100000528,0,42,3897,0
100000529,0,31,5495,1
100000530,0,41,3453,0
100000531,0,32,5818,0
100000532,1,28,6860,1
100000533,0,41,5510,0
100000534,0,26,5495,1
100000535,0,25,5488,2
100000536,0,33,6483,1
100000537,1,75,8506,1
100000538,1,37,7015,1
100000539,0,42,9902,2
100000540,1,45,6013,0
100000541,0,23,5257,1
100000542,0,60,6369,0
100000543,0,31,7285,0
100000544,0,34,5131,1
100000545,0,61,4536,0
100000546,0,43,5355,1
100000547,1,37,5801,2
100000548,0,32,5022,2
100000549,1,24,3113,0
100000550,0,35,8648,1
100000551,1,23,4750,1
100000552,0,45,5485,0
100000553,0,34,7869,0
100000554,0,27,6160,2
100000555,1,67,8553,0
100000556,0,22,4967,0
100000557,1,28,6690,2
100000558,1,29,6913,2
100000559,0,27,5782,0
100000560,0,31,4112,0
100000561,0,49,6377,1
100000562,0,24,3200,0
100000563,1,29,5739,0
100000564,0,37,10873,1
100000565,0,37,8688,2
100000566,1,23,6143,0
100000567,0,36,5248,0
100000568,0,34,7619,1
100000569,0,41,6996,0
100000570,1,31,7835,1
100000571,1,23,4325,0
100000572,0,38,7374,0
100000573,1,26,8500,0
100000574,1,22,3119,0
100000575,0,27,3547,0
100000576,1,24,5650,1
100000577,1,27,6288,0
100000578,1,33,5596,2
100000579,0,27,6034,1
100000580,0,27,3180,0
100000581,0,30,5154,1
100000582,0,49,5404,0
100000583,1,26,5058,1
100000584,0,33,4411,0
100000585,1,52,7953,1
100000586,1,20,5131,2
100000587,0,36,5780,0
100000588,0,21,2957,0
100000589,0,47,4112,0
100000590,0,60,6472,1
100000591,1,58,4353,0
100000592,1,42,6423,2
100000593,1,36,6070,0
100000594,1,20,4407,0
100000595,0,40,6748,2
100000596,1,32,4703,0
100000597,1,23,4965,1
100000598,0,36,5422,0
100000599,0,31,5569,0
100000600,0,32,6131,2
100000601,1,45,6718,0
100000602,1,30,5442,2
100000603,1,34,4543,0
100000604,1,28,7579,2
100000605,1,23,5784,1
100000606,0,22,6585,1
100000607,0,74,9624,1
100000608,1,50,7756,2
100000609,0,33,5301,2
100000610,0,45,5419,0
100000611,1,22,5263,1
100000612,1,48,5940,0
100000613,1,29,8148,2
100000614,1,22,5976,2
100000615,1,22,5100,0
100000616,0,48,12723,1
100000617,0,27,10423,2
100000618,0,37,6241,0
100000619,1,21,6969,0
100000620,0,49,3915,0
100000621,0,27,6280,1
100000622,0,32,5011,2
100000623,0,38,6548,2
100000624,1,22,5124,2
100000625,0,65,6841,1
100000626,0,35,5346,1
100000627,0,41,6551,2
100000628,0,29,5972,1
100000629,0,36,7726,1
100000630,0,64,5892,0
100000631,1,28,6229,2
100000632,0,44,5501,2
100000633,0,23,5061,1
100000634,1,19,5063,0
100000635,1,25,3953,0
100000636,0,47,5544,0
100000637,1,28,6482,2
100000638,0,21,11351,1
100000639,1,34,5428,1
100000640,0,26,6135,0
100000641,1,27,1792,0
100000642,0,38,4094,0
100000643,0,40,8990,2
100000644,0,33,5358,1
100000645,0,32,6832,1
100000646,0,27,7908,2
100000647,0,32,6630,2
100000648,1,26,6407,2
100000649,0,38,5871,1
100000650,0,40,3424,0
100000651,0,50,10083,2
100000652,0,37,4349,0
100000653,0,45,5901,1
100000654,0,42,11182,2
100000655,0,35,5522,0
100000656,0,22,5785,2
100000657,0,41,4012,0
100000658,0,37,9383,1
100000659,1,28,6948,1
100000660,0,41,8139,2
100000661,0,23,5593,1
100000662,0,23,4503,1
100000663,0,50,6070,1
100000664,0,35,6850,2
100000665,1,50,5252,0
100000666,0,27,8608,2
100000667,0,34,8509,1
100000668,1,27,6164,1
100000669,0,43,7040,0
100000670,0,47,7223,0
100000671,0,27,5239,0
100000672,0,31,7668,1
100000673,0,42,11151,1
100000674,0,24,6459,2
100000675,0,41,5724,1
100000676,1,26,8066,1
100000677,0,33,6789,2
100000678,0,24,7921,0
100000679,0,64,5197,0
100000680,1,26,5089,2
100000681,1,56,6327,1
100000682,0,37,5570,1
100000683,0,33,5179,2
100000684,0,47,7478,1
100000685,0,31,8593,0
100000686,0,34,7489,1
100000687,0,27,5624,1
100000688,0,30,6696,2
100000689,0,35,6393,1
100000690,0,31,8014,2
100000691,0,25,4619,2
100000692,1,25,5240,0
100000693,0,29,6672,1
100000694,0,44,5519,0
100000695,0,28,5213,1
100000696,0,50,6938,0
100000697,0,29,5136,0
100000698,1,38,2315,0
100000699,0,24,4822,1
100000700,0,40,7910,1
100000701,1,29,4901,0
100000702,0,46,7874,0
100000703,1,47,7466,0
100000704,0,41,6962,1
100000705,1,32,6295,2
100000706,1,35,8656,1
100000707,0,24,8231,1
100000708,1,25,6227,1
100000709,1,25,5381,1
100000710,0,37,4443,0
100000711,0,32,7429,2
100000712,1,35,5326,2
100000713,0,46,7524,1
100000714,0,25,3044,0
100000715,0,27,12760,2
100000716,0,63,9159,1
100000717,0,40,6073,2
100000718,0,32,6499,2
100000719,0,31,6648,2
100000720,0,31,8466,1
100000721,0,34,7398,1
100000722,1,24,6995,2
100000723,1,24,3402,0
100000724,1,66,6667,0
100000725,1,21,5426,2
100000726,1,41,5635,0
100000727,0,47,5510,0
100000728,1,25,5255,1
100000729,1,59,9238,1
100000730,0,36,8126,2
100000731,0,33,7840,1
100000732,0,21,3292,0
100000733,1,44,4425,0
100000734,1,28,7746,2
100000735,1,37,6453,0
100000736,1,29,3877,0
100000737,1,23,11771,2
100000738,0,35,5674,0
100000739,0,45,9540,2
100000740,1,26,6071,0
100000741,0,32,6068,1
100000742,0,23,3371,0
100000743,0,41,6152,1
100000744,0,22,6420,2
100000745,0,30,12503,1
100000746,0,28,3480,0
100000747,1,23,5478,1
100000748,1,37,3942,0
100000749,0,26,6556,0
100000750,0,33,5770,1
100000751,1,49,5515,2
100000752,1,23,3241,0
100000753,1,23,4301,0
100000754,1,25,7122,2
100000755,0,55,7965,1
100000756,1,32,5248,1
100000757,0,74,4475,0
100000758,0,39,6066,1
100000759,0,31,4905,0
100000760,0,35,4728,1
100000761,1,59,8130,1
100000762,1,24,5332,2
100000763,0,24,3520,0
100000764,0,30,11783,2
100000765,0,27,6088,2
100000766,0,40,4253,0
100000767,0,31,4382,0
100000768,1,31,5984,0
100000769,0,28,6303,2
100000770,0,63,4808,0
100000771,1,26,5742,0
100000772,1,25,9723,2
100000773,0,36,7508,2
100000774,0,52,6816,2
100000775,0,66,5593,0
100000776,1,25,5010,0
100000777,0,37,6173,2
100000778,1,25,6036,1
100000779,0,38,10782,1
100000780,1,67,8336,1
100000781,0,25,6815,1
100000782,0,60,8350,2
100000783,0,31,3864,0
100000784,1,23,4299,0
100000785,0,60,10601,0
100000786,0,35,6303,0
100000787,0,40,7230,0
100000788,0,38,5836,1
100000789,0,50,8432,1
100000790,0,27,6956,1
100000791,1,39,5931,2
100000792,0,41,9166,2
100000793,0,27,4816,0
100000794,0,51,7476,2
100000795,0,32,7096,2
100000796,1,22,6012,0
100000797,0,51,8640,1
100000798,1,22,3336,0
100000799,0,54,5651,1
100000800,0,35,2590,0
100000801,0,54,5921,2
100000802,1,48,5081,0
100000803,1,24,6363,0
100000804,0,35,4865,0
100000805,1,24,5349,0
100000806,0,24,8408,2
100000807,0,26,3424,0
100000808,0,65,6039,2
100000809,0,55,11600,2
100000810,1,26,2695,0
100000811,0,26,5076,2
100000812,0,28,3453,0
100000813,0,24,8579,1
100000814,0,54,6619,2
100000815,0,46,6722,2
100000816,1,54,9526,0
100000817,0,62,7619,1
100000818,1,24,5058,1
100000819,0,43,13980,2
100000820,0,26,4836,2
100000821,0,27,4759,0
100000822,0,24,6458,2
100000823,0,41,5937,0
100000824,0,47,3726,0
100000825,0,35,7864,1
100000826,0,30,5119,0
100000827,1,33,6575,0
100000828,0,36,6435,2
100000829,0,47,8876,2
100000830,0,38,8173,1
100000831,0,44,7245,1
100000832,1,23,4856,2
100000833,0,29,9829,2
100000834,1,42,7921,0
100000835,1,25,4869,0
100000836,0,48,5434,1
100000837,1,21,4618,0
100000838,1,23,3061,0
100000839,0,63,6932,0
100000840,0,46,6241,2
100000841,0,29,6643,0
100000842,0,28,4054,0
100000843,1,23,5205,2
100000844,0,50,5743,0
100000845,0,47,6517,2
100000846,0,35,6755,0
100000847,0,68,8958,2
100000848,0,28,4870,1
100000849,0,59,6008,0
100000850,0,57,4114,0
100000851,0,33,5542,2
100000852,0,43,6656,0
100000853,0,35,5102,0
100000854,0,32,3469,0
100000855,0,45,10015,1
100000856,0,33,5852,2
100000857,1,40,5380,2
100000858,0,28,5722,0
100000859,1,29,6412,2
100000860,0,26,6429,2
100000861,0,27,8888,1
100000862,0,28,5311,0
100000863,1,35,5922,2
100000864,0,32,6974,0
100000865,0,25,3558,0
100000866,1,20,6569,2
100000867,1,27,5579,2
100000868,0,42,6274,2
100000869,0,37,8032,2
100000870,1,24,4625,0
100000871,1,40,9986,2
100000872,0,46,6380,2
100000873,0,26,5376,2
100000874,1,24,4732,2
100000875,0,29,4380,2
100000876,1,40,8060,1
100000877,0,36,6867,2
100000878,0,28,5843,1
100000879,0,27,6260,1
100000880,0,36,7672,0
100000881,0,38,9767,2
100000882,0,48,9521,0
100000883,0,36,5933,1
100000884,1,65,3475,0
100000885,0,43,7266,1
100000886,1,53,5851,1
100000887,0,34,6162,1
100000888,0,23,11890,1
100000889,0,34,9031,2
100000890,0,40,8351,0
100000891,0,43,7388,2
100000892,0,46,5713,1
100000893,0,38,4058,0
100000894,0,34,7590,2
100000895,0,29,4718,2
100000896,0,31,10031,2
100000897,1,28,7223,1
100000898,1,35,7540,0
100000899,1,33,4220,0
100000900,0,42,6669,2
100000901,0,43,5975,2
100000902,0,44,6581,0
100000903,0,42,9704,2
100000904,0,40,5414,1
100000905,0,36,6550,1
100000906,0,20,5829,2
100000907,0,24,4264,0
100000908,0,27,6462,0
100000909,1,46,5415,0
100000910,1,33,5155,0
100000911,1,34,6849,1
100000912,1,25,5575,0
100000913,1,25,6238,1
100000914,0,28,7323,2
100000915,0,31,5754,0
100000916,1,32,15425,1
100000917,0,32,6319,0
100000918,0,68,14363,2
100000919,0,33,6277,2
100000920,0,39,7661,2
100000921,1,28,5344,1
100000922,0,37,13446,1
100000923,1,22,4888,2
100000924,0,30,5608,1
100000925,0,55,8646,0
100000926,0,46,5170,1
100000927,1,21,4696,2
100000928,0,39,9498,2
100000929,0,58,6210,0
100000930,0,43,3861,0
100000931,0,24,3296,0
100000932,1,22,5484,0
100000933,0,30,4784,2
100000934,0,42,6276,2
100000935,1,23,4991,0
100000936,0,30,7743,1
100000937,1,28,4229,0
100000938,0,30,7290,0
100000939,0,42,8144,1
100000940,0,46,9619,2
100000941,0,45,7988,2
100000942,0,31,3479,0
100000943,0,31,4683,2
100000944,0,42,3874,0
100000945,1,46,6075,0
100000946,1,30,10363,0
100000947,0,30,7154,2
100000948,0,38,7388,1
100000949,0,43,4104,0
100000950,0,31,6650,1
100000951,0,40,3922,0
100000952,0,24,4987,2
100000953,1,28,8246,0
100000954,1,26,11160,1
100000955,1,29,5420,2
100000956,1,57,9744,1
100000957,0,49,6110,0
100000958,0,37,3980,0
100000959,0,45,5218,0
100000960,0,30,6795,2
100000961,0,30,5185,1
100000962,0,47,6608,1
100000963,0,29,5864,2
100000964,0,35,6897,0
100000965,0,22,3199,0
100000966,1,26,5665,2
100000967,0,23,5427,0
100000968,1,54,8721,2
100000969,0,29,7750,2
100000970,0,40,4986,0
100000971,0,22,5729,2
100000972,0,43,6764,0
100000973,1,29,2084,0
100000974,0,36,7939,1
100000975,1,33,6030,0
100000976,1,57,6982,0
100000977,1,64,6719,0
100000978,0,42,6290,2
100000979,0,47,4593,0
100000980,0,25,5882,2
100000981,0,49,9430,1
100000982,0,33,8142,2
100000983,1,28,8950,2
100000984,0,26,7987,1
100000985,0,30,3670,0
100000986,1,25,5040,2
100000987,0,33,8388,1
100000988,1,64,7259,0
100000989,0,29,8815,1
100000990,0,48,4701,0
100000991,0,37,4687,0
100000992,0,34,4285,0
100000993,0,23,3500,0
100000994,0,30,7597,2
100000995,0,50,6142,1
100000996,1,31,3925,0
100000997,0,40,8100,1
100000998,0,38,4902,2
100000999,0,23,4803,0
100001000,0,27,7399,1
100001001,1,63,6743,1
100001002,0,66,7879,2
100001003,0,43,10187,1
100001004,0,44,14029,2
100001005,0,65,3475,2
100001006,1,73,10707,1
100001007,0,60,6834,1
100001008,0,62,8717,1
100001009,1,58,6336,1
100001010,1,43,8357,2
100001011,0,64,6105,2
100001012,0,37,8506,2
100001013,1,46,9635,1
100001014,0,57,7210,2
100001015,0,51,6681,1
100001016,1,32,8553,2
100001017,0,64,6525,2
100001018,0,68,6786,1
100001019,1,55,8590,2
100001020,0,73,9609,1
100001021,1,34,6719,2
100001022,0,44,7336,1
100001023,0,58,13394,1
100001024,1,65,7110,1
100001025,1,56,9189,1
100001026,1,42,10933,2
100001027,1,65,7259,2
100001028,0,72,11248,2
100001029,1,45,13132,2
100001030,0,68,14356,2
100001031,0,60,8315,1
100001032,1,30,6667,2
100001033,0,63,6490,1
100001034,0,57,14054,1
100001035,1,46,8034,2
100001036,1,70,8377,1
100001037,0,65,8930,2
100001038,0,63,13653,2
100001039,0,54,7471,2
100001040,0,49,6233,2
100001041,1,64,7683,2
100001042,1,61,15427,2
100001043,1,57,7753,2
100001044,1,42,9983,2
100001045,0,62,6236,2
100001046,1,41,6388,2
100001047,1,51,7880,1
100001048,1,38,6777,2
100001049,1,56,8313,2
100001050,1,43,7363,1
100001051,1,48,8056,1
100001052,0,61,6969,1
100001053,0,48,10689,2
100001054,0,68,6295,2
100001055,1,62,8197,1
100001056,1,56,8669,2
100001057,1,53,6343,1
100001058,0,33,8336,2
100001059,1,60,9459,1
100001060,1,47,8086,1
100001061,0,25,10718,2
100001062,0,64,9234,1
100001063,0,73,10737,1
100001064,0,66,7627,1
100001065,1,76,8519,1
100001066,1,60,9727,1
100001067,1,57,6294,2
100001068,0,30,6562,2
100001069,0,43,7994,1
100001070,0,57,8276,2
100001071,0,51,7483,1
100001072,1,61,6705,1
100001073,0,64,7969,2
100001074,0,41,10274,1
100001075,0,43,14029,2
100001076,0,67,3591,2
100001077,1,71,10579,1
100001078,0,59,6806,1
100001079,0,60,8819,1
100001080,1,60,6414,1
100001081,1,45,8451,2
100001082,0,63,6114,2
100001083,0,38,8466,2
100001084,1,46,9628,1
100001085,0,55,7289,2
100001086,0,50,6769,1
100001087,1,30,8450,2
100001088,0,63,6424,2
100001089,0,67,6779,1
100001090,1,54,8532,2
100001091,0,71,9618,1
100001092,1,32,6662,2
100001093,1,45,13043,2
100001094,0,65,14283,2
100001095,0,62,8241,1
100001096,1,28,6508,2
100001097,0,65,6492,1
100001098,0,57,14083,1
100001099,1,48,7866,2
100001100,1,71,8183,1
100001101,0,38,4120,1
100001102,0,40,5386,1
100001103,0,49,6118,1
100001104,0,32,7777,1
100001105,0,45,6379,1
100001106,0,40,7702,1
100001107,0,66,8247,2
100001108,0,38,6150,2
100001109,0,20,4481,1
100001110,0,48,5886,1
100001111,0,46,8445,1
100001112,0,32,6879,2
100001113,0,54,5564,1
100001114,0,24,4713,2
100001115,0,27,9047,1
100001116,0,57,6252,2
100001117,0,38,6901,1
100001118,0,40,7243,1
100001119,0,20,5364,2
100001120,0,36,5671,2
100001121,0,47,6867,2
100001122,0,64,6256,2
100001123,0,42,7988,2
100001124,0,44,9063,2
100001125,0,30,4525,2
100001126,0,37,5137,1
100001127,0,42,6775,2
100001128,0,62,8452,1
100001129,0,49,8928,2
100001130,0,52,7986,2
100001131,0,36,8506,1
100001132,0,49,7195,1
100001133,0,42,6508,2
100001134,0,38,5724,1
100001135,0,50,6307,1
100001136,0,34,6483,2
100001137,0,43,6160,2
100001138,0,40,8026,1
100001139,0,56,6346,1
100001140,0,41,7200,2
100001141,0,30,6176,2
100001142,0,28,6453,2
100001143,0,64,6816,2
100001144,0,67,5625,2
100001145,0,37,7620,1
100001146,0,31,7873,1
100001147,0,32,7144,2
100001148,0,52,6862,2
100001149,0,31,5221,1
100001150,0,36,7270,1
100001151,0,32,7326,1
100001152,0,51,6312,2
100001153,0,47,5612,1
100001154,0,34,5508,2
100001155,0,46,7471,1
100001156,0,42,8833,1
100001157,0,39,4551,1
100001158,0,50,8479,2
100001159,0,42,7116,2
100001160,0,36,6530,1
100001161,0,18,4950,1
100001162,0,35,9097,2
100001163,0,38,7643,2
100001164,0,39,6792,2
100001165,0,24,6088,2
100001166,0,41,9114,1
100001167,0,36,7452,2
100001168,0,37,7710,2
100001169,0,45,6767,1
100001170,0,41,6710,2
100001171,0,36,8859,2
100001172,0,38,5798,2
100001173,0,38,6844,1
100001174,0,53,7978,2
100001175,0,35,5694,2
100001176,0,48,8560,2
100001177,0,36,5109,2
100001178,0,22,5842,1
100001179,0,35,6992,2
100001180,0,42,7822,1
100001181,0,39,5807,1
100001182,0,31,7154,1
100001183,0,33,7794,2
100001184,0,31,5346,1
100001185,0,42,5107,1
100001186,0,61,7262,1
100001187,0,38,7975,2
100001188,0,33,4925,1
100001189,0,48,7986,2
100001190,0,31,6093,1
100001191,0,52,7064,2
100001192,0,27,6161,2
100001193,0,40,7186,1
100001194,0,34,5627,1
100001195,0,26,4897,2
100001196,0,30,7700,1
100001197,0,53,8859,1
100001198,0,45,6403,2
100001199,0,32,5731,1
100001200,0,35,9141,2
100001201,0,26,8861,2
100001202,0,30,5547,1
100001203,0,37,5591,1
100001204,0,32,4866,1
100001205,0,40,7862,1
100001206,0,44,6346,2
100001207,0,43,6662,2
100001208,0,51,5613,1
100001209,0,37,5218,1
100001210,0,33,7571,2
100001211,0,32,8904,1
100001212,0,35,5509,2
100001213,0,30,5651,1
100001214,0,35,7730,2
100001215,0,40,7235,1
100001216,0,37,7082,2
100001217,0,37,5253,2
100001218,0,37,6230,2
100001219,0,53,8008,1
100001220,0,34,7588,1
100001221,0,51,7778,1
100001222,0,26,4750,2
100001223,0,34,8790,1
100001224,0,51,6313,1
100001225,0,33,5813,2
100001226,0,32,5890,2
100001227,0,39,5768,1
100001228,0,53,8454,1
100001229,0,34,4874,2
100001230,0,37,7017,2
100001231,0,28,5725,1
100001232,0,25,5147,2
100001233,0,36,7589,2
100001234,0,36,6157,2
100001235,0,35,5944,2
100001236,0,21,7934,1
100001237,0,29,5376,2
100001238,0,60,9694,1
100001239,0,45,6752,1
100001240,0,56,5428,1
100001241,0,30,6052,2
100001242,0,52,7598,2
100001243,0,26,5941,1
100001244,0,43,6076,1
100001245,0,34,5679,1
100001246,0,22,6559,2
100001247,0,42,4622,1
100001248,0,38,6228,1
100001249,0,29,5800,2
100001250,0,44,5365,2
100001251,0,29,5189,1
100001252,0,44,7075,2
100001253,0,38,7717,2
100001254,0,26,5619,1
100001255,0,53,7910,1
100001256,0,43,7187,1
100001257,0,33,6095,1
100001258,0,52,6381,1
100001259,0,26,4733,2
100001260,0,38,8775,1
100001261,0,47,8275,2
100001262,0,26,6020,1
100001263,0,36,8267,1
100001264,0,36,5990,1
100001265,0,57,7717,1
100001266,0,31,5314,2
100001267,0,45,6807,1
100001268,0,40,7596,1
100001269,0,21,6074,1
100001270,0,46,6358,2
100001271,0,35,6270,2
100001272,0,31,6975,2
100001273,0,51,6250,2
100001274,0,21,5074,1
100001275,0,48,7786,1
100001276,0,48,7118,2
100001277,0,68,7434,1
100001278,0,45,5824,2
100001279,0,35,7512,2
100001280,0,22,5014,2
100001281,0,44,6115,1
100001282,0,52,7961,1
100001283,0,48,6504,2
100001284,0,33,6978,2
100001285,0,35,6145,1
100001286,0,64,7728,1
100001287,0,58,7466,2
100001288,0,24,5905,2
100001289,0,40,5792,2
100001290,0,49,5929,2
100001291,0,31,6946,2
100001292,0,46,4926,2
100001293,0,46,5329,1
100001294,0,49,6080,1
100001295,0,29,6781,1
100001296,0,37,5728,2
100001297,0,33,7567,1
100001298,0,71,8520,2
100001299,0,35,5915,2
100001300,0,40,5500,2
100001301,1,27,4533,0
100001302,1,61,5665,0
100001303,1,29,5005,1
100001304,1,33,5475,0
100001305,1,56,6972,0
100001306,1,27,6171,1
100001307,1,22,6897,0
100001308,1,19,4956,0
100001309,1,28,4554,1
100001310,1,24,5507,1
100001311,1,27,3352,0
100001312,1,30,6365,1
100001313,1,26,4228,0
100001314,1,26,6195,0
100001315,1,23,4716,1
100001316,1,28,4803,0
100001317,1,67,7242,0
100001318,1,27,5375,1
100001319,1,32,4929,0
100001320,1,24,5373,0
100001321,1,28,5791,1
100001322,1,48,5938,0
100001323,1,32,6956,1
100001324,1,25,4704,0
100001325,1,57,3100,0
100001326,1,28,6363,0
100001327,1,24,6143,1
100001328,1,25,3096,0
100001329,1,31,4465,0
100001330,1,33,5185,1
100001331,1,50,7380,0
100001332,1,58,6962,1
100001333,1,27,5397,0
100001334,1,48,5812,0
100001335,1,22,4299,0
100001336,1,40,6200,0
100001337,1,32,6072,0
100001338,1,25,4662,0
100001339,1,27,3399,0
100001340,1,27,4400,0
100001341,1,23,6456,0
100001342,1,32,5466,1
100001343,1,25,5640,1
100001344,1,46,6837,0
100001345,1,21,5389,1
100001346,1,29,5177,0
100001347,1,31,4659,0
100001348,1,26,5328,0
100001349,1,23,5637,1
100001350,1,38,5143,1
100001351,1,35,4269,0
100001352,1,27,5038,1
100001353,1,22,6573,1
100001354,1,52,6160,0
100001355,1,19,4976,1
100001356,1,23,5643,0
100001357,1,42,5526,0
100001358,1,27,5323,1
100001359,1,39,4484,0
100001360,1,50,6412,1
100001361,1,36,6681,0
100001362,1,25,5792,1
100001363,1,27,3278,0
100001364,1,30,5932,0
100001365,1,22,3182,0
100001366,1,27,6133,1
100001367,1,31,7166,1
100001368,1,29,4978,0
100001369,1,34,1838,0
100001370,1,33,3597,0
100001371,1,26,5749,0
100001372,1,36,7385,1
100001373,1,26,2715,0
100001374,1,39,4001,0
100001375,1,44,3895,0
100001376,1,46,4926,0
100001377,1,31,5151,0
100001378,1,26,6069,0
100001379,1,22,4568,1
100001380,1,48,5242,0
100001381,1,27,5061,0
100001382,1,30,2911,0
100001383,1,27,5836,1
100001384,1,36,5374,1
100001385,1,31,6425,0
100001386,1,21,6224,0
100001387,1,26,5346,1
100001388,1,24,5215,0
100001389,1,29,4910,0
100001390,1,32,6354,0
100001391,1,45,4256,0
100001392,1,58,5201,0
100001393,1,25,4493,0
100001394,1,67,6765,0
100001395,1,53,5393,0
100001396,1,24,6200,0
100001397,1,20,4564,0
100001398,1,71,6663,0
100001399,1,31,5930,1
100001400,1,27,2031,0
100001401,1,36,6465,0
100001402,1,25,5656,0
100001403,1,41,6657,0
100001404,1,30,5344,1
100001405,1,32,6544,1
100001406,1,29,6281,0
100001407,1,27,3946,0
100001408,1,32,6199,0
100001409,1,25,3759,0
100001410,1,24,5485,0
100001411,1,63,4314,0
100001412,1,42,5660,0
100001413,1,22,5464,0
100001414,1,46,7175,1
100001415,1,24,4979,1
100001416,1,30,6974,1
100001417,1,44,5432,0
100001418,1,25,5318,0
100001419,1,27,4848,0
100001420,1,27,7075,1
100001421,1,34,5521,1
100001422,1,18,4887,1
100001423,1,25,4979,1
100001424,1,21,3185,0
100001425,1,26,5835,1
100001426,1,27,6577,1
100001427,1,25,6803,1
100001428,1,30,5010,1
100001429,1,66,6550,0
100001430,1,25,5203,1
100001431,1,43,6885,0
100001432,1,35,6886,1
100001433,1,70,3496,0
100001434,1,35,3437,0
100001435,1,26,5287,0
100001436,1,29,3904,0
100001437,1,22,5542,0
100001438,1,26,5777,1
100001439,1,36,4636,0
100001440,1,35,5376,1
100001441,1,28,5838,1
100001442,1,24,5037,0
100001443,1,34,4633,0
100001444,1,25,5350,0
100001445,1,54,2594,0
100001446,1,46,5238,0
100001447,1,42,2548,0
100001448,1,45,6350,0
100001449,1,48,5511,0
100001450,1,21,5030,0
100001451,1,31,6163,0
100001452,1,35,6887,1
100001453,1,36,5511,1
100001454,1,32,4985,0
100001455,1,26,5334,0
100001456,1,34,7166,0
100001457,1,65,6778,1
100001458,1,50,4670,0
100001459,1,39,4879,0
100001460,1,52,6210,0
100001461,1,36,4057,0
100001462,1,29,5972,0
100001463,1,36,7262,1
100001464,1,36,4281,0
100001465,1,27,7269,1
100001466,1,36,6795,1
100001467,1,26,5324,1
100001468,1,57,5667,1
100001469,1,27,5028,0
100001470,1,58,5422,0
100001471,1,27,3224,0
100001472,1,49,6011,0
100001473,1,43,5084,0
100001474,1,45,4617,0
100001475,1,27,4931,0
100001476,1,34,4881,1
100001477,1,21,4115,0
100001478,1,54,6265,1
100001479,1,43,5437,0
100001480,1,25,4279,0
100001481,1,57,5519,0
100001482,1,26,5026,1
100001483,1,30,5523,0
100001484,1,58,7100,0
100001485,1,25,6090,1
100001486,1,23,6949,0
100001487,1,22,5262,0
100001488,1,21,4533,1
100001489,1,20,5773,1
100001490,1,22,2998,0
100001491,1,27,6314,1
100001492,1,24,4042,0
100001493,1,23,6182,0
100001494,1,26,5127,1
100001495,1,28,5098,0
100001496,1,64,7114,0
100001497,1,26,5272,1
100001498,1,31,5306,0
100001499,1,28,5553,0
100001500,1,25,5888,1
100001501,1,49,5920,0
100001502,1,33,6813,1
100001503,1,27,4860,0
100001504,1,59,3105,0
100001505,1,28,6175,0
100001506,1,24,6017,1
100001507,1,26,3333,0
100001508,1,33,4172,0
100001509,1,37,5377,1
100001510,1,46,7694,0
100001511,1,62,7009,1
100001512,1,26,5020,0
100001513,1,49,6108,0
100001514,1,25,4467,0
100001515,1,37,6268,0
100001516,1,31,6206,0
100001517,1,25,4677,0
100001518,1,21,3509,0
100001519,1,27,4118,0
100001520,1,29,6338,0
100001521,1,30,5167,1
100001522,1,26,5803,1
100001523,1,40,6856,0
100001524,1,23,5269,1
100001525,1,31,4796,0
100001526,1,29,4434,0
100001527,1,22,5189,0
100001528,1,26,5443,1
100001529,1,39,5302,1
100001530,1,35,4243,0
100001531,1,26,4788,1
100001532,1,28,6681,1
100001533,1,56,6638,0
100001534,1,22,4786,1
100001535,1,26,5453,0
100001536,1,41,5676,0
100001537,1,29,5469,1
100001538,1,42,4128,0
100001539,1,50,6239,1
100001540,1,33,6677,0
100001541,1,28,5825,1
100001542,1,27,3442,0
100001543,1,27,6201,0
100001544,1,28,3194,0
100001545,1,24,6125,1
100001546,1,28,7073,1
100001547,1,32,4967,0
100001548,1,32,2280,0
100001549,1,30,3559,0
100001550,1,29,5600,0
100001551,1,37,7257,1
100001552,1,24,2484,0
100001553,1,36,3777,0
100001554,1,40,4336,0
100001555,1,51,4887,0
100001556,1,33,5341,0
100001557,1,31,5899,0
100001558,1,29,4887,1
100001559,1,48,5460,0
100001560,1,25,4746,0
100001561,1,28,2874,0
100001562,1,23,5459,1
100001563,1,32,5559,1
100001564,1,34,6363,0
100001565,1,23,5775,0
100001566,1,25,5475,1
100001567,1,25,5235,0
100001568,1,27,5224,0
100001569,1,29,6008,0
100001570,1,46,4060,0
100001571,1,61,4878,0
100001572,1,25,4796,0
100001573,1,67,6403,0
100001574,1,49,5087,0
100001575,1,21,6301,0
100001576,1,19,4562,0
100001577,1,67,6417,0
100001578,1,31,5502,1
100001579,1,27,1913,0
100001580,1,37,6452,0
100001581,1,27,5752,0
100001582,1,36,6516,0
100001583,1,24,5159,1
100001584,1,31,6916,1
100001585,1,29,6128,0
100001586,1,28,4118,0
100001587,1,34,6268,0
100001588,1,26,4147,0
100001589,1,21,5402,0
100001590,1,63,4137,0
100001591,1,38,5841,0
100001592,1,20,5674,0
100001593,1,44,7167,1
100001594,1,31,5204,1
100001595,1,33,6927,1
100001596,1,49,5348,0
100001597,1,26,5416,0
100001598,1,28,4789,0
100001599,1,30,7034,1
100001600,1,36,5212,1
100001601,1,27,2702,0
100001602,0,23,5398,0
100001603,0,31,5688,0
100001604,1,27,4744,0
100001605,1,25,6302,0
100001606,1,23,3248,0
100001607,0,27,3338,0
100001608,1,38,3393,0
100001609,0,44,5676,0
100001610,1,42,2306,0
100001611,1,25,5183,0
100001612,0,40,3752,0
100001613,1,24,5824,0
100001614,1,39,4831,0
100001615,0,24,3323,0
100001616,1,50,5954,0
100001617,1,28,6149,0
100001618,1,36,4081,0
100001619,0,36,5276,0
100001620,1,40,4333,0
100001621,1,31,3819,0
100001622,0,27,3357,0
100001623,1,35,4658,0
100001624,0,51,6209,0
100001625,1,26,3243,0
100001626,0,33,4362,0
100001627,1,27,4615,0
100001628,0,38,4213,0
100001629,1,30,5335,0
100001630,0,28,5661,0
100001631,0,23,3554,0
100001632,1,23,5714,0
100001633,1,26,6277,0
100001634,1,21,4622,0
100001635,1,36,3765,0
100001636,1,24,3286,0
100001637,0,41,6020,0
100001638,0,42,6048,0
100001639,0,27,3664,0
100001640,0,40,3874,0
100001641,1,34,4564,0
100001642,0,40,5221,0
100001643,0,33,4983,0
100001644,1,49,4890,0
100001645,0,28,4094,0
100001646,1,26,5396,0
100001647,1,40,4931,0
100001648,0,47,4762,0
100001649,1,41,6408,0
100001650,1,29,4717,0
100001651,1,37,4541,0
100001652,0,31,6036,0
100001653,0,35,5508,0
100001654,0,35,6225,0
100001655,1,29,3758,0
100001656,1,37,6361,0
100001657,0,37,4183,0
100001658,1,26,4370,0
100001659,1,28,3947,0
100001660,1,23,4423,0
100001661,0,38,5207,0
100001662,1,30,5016,0
100001663,1,45,5370,0
100001664,0,24,4218,0
100001665,1,35,5636,0
100001666,1,41,5795,0
100001667,0,30,5330,0
100001668,1,30,6067,0
100001669,1,26,4628,0
100001670,1,25,4377,0
100001671,1,23,3529,0
100001672,1,27,4265,0
100001673,1,26,3546,0
100001674,0,25,5186,0
100001675,0,27,4748,0
100001676,1,42,4006,0
100001677,0,35,4325,0
100001678,1,25,4434,0
100001679,1,26,4149,0
100001680,0,38,6405,0
100001681,1,28,3644,0
100001682,0,33,5612,0
100001683,1,40,4734,0
100001684,1,23,5050,0
100001685,1,25,5646,0
100001686,1,28,5433,0
100001687,0,41,3471,0
100001688,1,50,5610,0
100001689,1,23,5485,0
100001690,1,26,5224,0
100001691,1,22,3062,0
100001692,0,37,5980,0
100001693,1,38,4051,0
100001694,1,22,3409,0
100001695,1,30,4433,0
100001696,0,38,3786,0
100001697,1,36,5210,0
100001698,0,41,3580,0
100001699,1,29,6096,0
100001700,1,31,5332,0
100001701,1,31,4990,0
100001702,1,21,3382,0
100001703,0,32,6018,0
100001704,1,35,6106,0
100001705,0,29,4459,0
100001706,1,34,5460,0
100001707,1,38,4620,0
100001708,1,33,2191,0
100001709,1,28,3420,0
100001710,1,28,5626,0
100001711,0,21,2963,0
100001712,1,29,4931,0
100001713,1,26,3533,0
100001714,1,40,4762,0
100001715,1,25,2344,0
100001716,0,20,5085,0
100001717,1,23,3131,0
100001718,1,27,5127,0
100001719,1,36,5037,0
100001720,1,25,5366,0
100001721,1,25,5644,0
100001722,1,34,6269,0
100001723,1,24,3471,0
100001724,1,36,6238,0
100001725,1,40,3954,0
100001726,0,39,4239,0
100001727,1,42,3870,0
100001728,0,35,5660,0
100001729,1,27,4955,0
100001730,0,27,3248,0
100001731,1,23,5162,0
100001732,1,32,6249,0
100001733,0,28,6679,0
100001734,0,22,5176,0
100001735,0,31,5891,0
100001736,1,22,5995,0
100001737,0,23,3539,0
100001738,1,35,6274,0
100001739,1,26,5489,0
100001740,1,28,3916,0
100001741,0,54,6276,0
100001742,1,49,5123,0
100001743,1,38,4466,0
100001744,1,47,5515,0
100001745,1,49,6120,0
100001746,1,30,5820,0
100001747,1,32,4096,0
100001748,1,24,4896,0
100001749,1,25,3403,0
100001750,0,33,4121,0
100001751,1,34,6155,0
100001752,1,24,3327,0
100001753,1,36,6397,0
100001754,1,41,3948,0
100001755,0,33,5435,0
100001756,1,26,5045,0
100001757,1,36,5978,0
100001758,1,35,5809,0
100001759,0,29,5593,0
100001760,1,26,3492,0
100001761,0,31,3469,0
100001762,0,26,3566,0
100001763,0,47,3696,0
100001764,0,20,4775,0
100001765,0,45,5467,0
100001766,0,36,5802,0
100001767,0,31,4100,0
100001768,1,41,4174,0
100001769,1,31,3618,0
100001770,1,27,5332,0
100001771,1,32,6186,0
100001772,1,43,3968,0
100001773,1,32,3418,0
100001774,1,29,5792,0
100001775,0,37,4498,0
100001776,1,35,4316,0
100001777,1,23,3548,0
100001778,0,40,5306,0
100001779,1,26,4893,0
100001780,0,28,3091,0
100001781,1,40,5196,0
100001782,1,26,4998,0
100001783,1,23,5671,0
100001784,0,26,5355,0
100001785,0,26,6239,0
100001786,1,49,4614,0
100001787,1,26,4811,0
100001788,1,35,4311,0
100001789,1,24,4048,0
100001790,1,46,3938,0
100001791,0,26,3002,0
100001792,0,47,4408,0
100001793,0,27,2994,0
100001794,0,41,5641,0
100001795,1,29,5113,0
100001796,1,28,1949,0
100001797,1,33,4091,0
100001798,1,50,4658,0
100001799,1,32,5402,0
100001800,0,31,4467,0
100001801,0,52,4782,0
100001802,0,53,6245,0
100001803,1,34,4390,0
100001804,1,22,4627,0
100001805,0,33,4185,0
100001806,0,32,6416,0
100001807,1,45,5238,0
100001808,0,25,3411,0
100001809,1,41,4851,0
100001810,1,36,5369,0
100001811,1,27,5526,0
100001812,0,40,3610,0
100001813,1,37,4799,0
100001814,0,35,5278,0
100001815,0,34,4435,0
100001816,1,28,5886,0
100001817,1,44,3803,0
100001818,0,27,5020,0
100001819,1,50,5666,0
100001820,1,18,5046,0
100001821,1,25,3610,0
100001822,1,40,3522,0
100001823,0,28,5505,0
100001824,1,23,3042,0
100001825,1,35,3755,0
100001826,1,28,6467,0
100001827,1,23,4777,0
100001828,0,34,5639,0
100001829,1,29,2575,0
100001830,1,35,5139,0
100001831,1,32,4375,0
100001832,1,46,3637,0
100001833,1,27,5739,0
100001834,1,25,6218,0
100001835,1,27,5081,0
100001836,1,24,4398,0
100001837,1,33,3476,0
100001838,1,24,5475,0
100001839,1,28,3861,0
100001840,1,35,2681,0
100001841,1,30,5934,0
100001842,0,43,5826,0
100001843,0,21,5738,0
100001844,1,24,3293,0
100001845,0,34,3782,0
100001846,1,26,6373,0
100001847,0,37,5354,0
100001848,1,32,4110,0
100001849,1,33,5337,0
100001850,0,28,4726,0
100001851,1,30,5722,0
100001852,1,26,2859,0
100001853,1,25,5481,0
100001854,0,33,5681,0
100001855,1,30,4693,0
100001856,1,26,6451,0
100001857,0,23,3340,0
100001858,0,25,3135,0
100001859,1,40,3381,0
100001860,0,46,5675,0
100001861,1,43,2432,0
100001862,1,22,5370,0
100001863,0,39,3620,0
100001864,1,27,5797,0
100001865,0,40,4659,0
100001866,0,24,3176,0
100001867,1,52,5681,0
100001868,1,30,6070,0
100001869,1,34,3914,0
100001870,1,38,5197,0
100001871,0,39,4455,0
100001872,1,29,4043,0
100001873,0,25,3261,0
100001874,1,35,4675,0
100001875,0,53,6099,0
100001876,0,26,3102,0
100001877,0,33,4430,0
100001878,0,29,4496,0
100001879,0,39,4167,0
100001880,0,29,5172,0
100001881,0,26,5773,0
100001882,0,24,3413,0
100001883,1,21,5682,0
100001884,1,26,6294,0
100001885,1,20,4559,0
100001886,1,35,3664,0
100001887,1,24,3451,0
100001888,1,40,6130,0
100001889,1,44,6109,0
100001890,0,29,3758,0
100001891,1,39,4099,0
100001892,1,35,4610,0
100001893,0,42,5369,0
100001894,1,32,4901,0
100001895,0,48,4744,0
100001896,0,26,4172,0
100001897,1,26,5495,0
100001898,0,42,4944,0
100001899,0,48,4748,0
100001900,1,42,6537,0
100001901,1,27,4705,0
100001902,1,37,4754,0
100001903,0,33,5866,0
100001904,0,33,5605,0
100001905,1,37,6195,0
100001906,1,31,4010,0
100001907,0,39,6205,0
100001908,1,40,4134,0
100001909,1,28,4443,0
100001910,1,26,4027,0
100001911,1,24,4212,0
100001912,0,40,5198,0
100001913,1,29,5120,0
100001914,0,43,5578,0
100001915,0,23,4413,0
100001916,1,34,5739,0
100001917,1,42,5664,0
100001918,1,33,5238,0
100001919,1,32,6027,0
100001920,1,26,4804,0
100001921,1,23,4362,0
100001922,1,26,3467,0
100001923,1,27,4389,0
100001924,0,24,3549,0
100001925,0,27,5210,0
100001926,1,26,4878,0
100001927,1,42,3949,0
100001928,1,37,4125,0
100001929,1,26,4316,0
100001930,1,24,3938,0
100001931,1,39,6277,0
100001932,0,26,3517,0
100001933,0,35,5649,0
100001934,0,38,4834,0
100001935,1,24,4946,0
100001936,1,26,5463,0
100001937,0,25,5448,0
100001938,0,40,3565,0
100001939,1,48,5388,0
100001940,1,22,5580,0
100001941,1,25,5149,0
100001942,0,24,3172,0
100001943,0,39,5946,0
100001944,0,39,4050,0
100001945,1,21,3440,0
100001946,1,27,4323,0
100001947,0,40,3844,0
100001948,1,37,5371,0
100001949,1,42,3456,0
100001950,1,31,5959,0
100001951,1,31,5101,0
100001952,0,30,4884,0
100001953,1,23,3253,0
100001954,0,33,5907,0
100001955,1,37,6228,0
100001956,1,29,4282,0
100001957,1,31,5656,0
100001958,0,39,4678,0
100001959,1,33,2126,0
100001960,0,26,3622,0
100001961,1,27,5508,0
100001962,1,20,3049,0
100001963,1,27,5031,0
100001964,1,26,3551,0
100001965,0,40,4710,0
100001966,0,24,2237,0
100001967,1,22,5160,0
100001968,1,24,3117,0
100001969,1,27,5190,0
100001970,0,35,4970,0
100001971,0,27,5260,0
100001972,1,25,5779,0
100001973,1,34,6292,0
100001974,1,24,3397,0
100001975,1,34,6043,0
100001976,0,42,3866,0
100001977,1,38,4233,0
100001978,0,42,4081,0
100001979,1,35,5669,0
100001980,1,27,5032,0
100001981,0,25,3202,0
100001982,1,23,5068,0
100001983,1,34,6317,0
100001984,1,28,6544,0
100001985,0,21,5174,0
100001986,1,32,5730,0
100001987,1,21,6034,0
100001988,0,25,3332,0
100001989,1,35,6223,0
100001990,1,25,5329,0
100001991,1,31,3938,0
100001992,0,54,6427,0
100001993,1,51,5054,0
100001994,1,38,4384,0
100001995,0,45,5671,0
100001996,1,47,6177,0
100001997,1,27,5887,0
100001998,0,31,4320,0
100001999,1,24,4899,0
100002000,0,25,3421,0
